date,shift,qty_produced,defect_count,downtime_minutes,operators_on_duty
2024-01-01,Morning,424,23,0,5
2024-01-01,Evening,382,15,10,4
2024-01-02,Morning,317,6,0,3
2024-01-02,Evening,353,3,10,5
2024-01-03,Morning,353,12,0,3
2024-01-03,Evening,309,5,10,5
2024-01-04,Morning,323,11,10,5
2024-01-04,Evening,418,16,10,3
2024-01-05,Morning,299,13,0,4
2024-01-05,Evening,322,18,0,3
2024-01-06,Morning,578,9,0,4
2024-01-06,Evening,549,16,0,5
2024-01-07,Morning,469,24,60,3
2024-01-07,Evening,504,16,0,3
2024-01-08,Morning,384,8,0,4
2024-01-08,Evening,359,17,0,5
2024-01-09,Morning,408,13,10,3
2024-01-09,Evening,376,4,10,4
2024-01-10,Morning,340,16,0,4
2024-01-10,Evening,328,7,10,3
2024-01-11,Morning,407,13,0,5
2024-01-11,Evening,340,5,25,4
2024-01-12,Morning,337,10,0,4
2024-01-12,Evening,387,11,0,3
2024-01-13,Morning,487,24,0,3
2024-01-13,Evening,430,18,0,3
2024-01-14,Morning,570,20,25,5
2024-01-14,Evening,526,26,60,4
2024-01-15,Morning,317,3,25,5
2024-01-15,Evening,398,22,10,3
2024-01-16,Morning,327,14,0,3
2024-01-16,Evening,307,16,0,4
2024-01-17,Morning,302,5,25,3
2024-01-17,Evening,306,7,0,3
2024-01-18,Morning,364,7,10,4
2024-01-18,Evening,345,7,10,3
2024-01-19,Morning,300,5,10,5
2024-01-19,Evening,300,3,0,5
2024-01-20,Morning,569,33,0,4
2024-01-20,Evening,532,17,0,5
2024-01-21,Morning,527,22,10,4
2024-01-21,Evening,464,17,0,5
2024-01-22,Morning,373,16,0,3
2024-01-22,Evening,302,9,0,3
2024-01-23,Morning,324,17,60,4
2024-01-23,Evening,408,6,10,3
2024-01-24,Morning,385,17,0,5
2024-01-24,Evening,371,6,0,4
2024-01-25,Morning,305,7,0,5
2024-01-25,Evening,419,4,0,3
2024-01-26,Morning,361,20,0,3
2024-01-26,Evening,395,17,0,5
2024-01-27,Morning,595,25,25,4
2024-01-27,Evening,549,31,25,3
2024-01-28,Morning,437,13,25,5
2024-01-28,Evening,491,5,0,5
2024-01-29,Morning,357,19,0,4
2024-01-29,Evening,382,7,25,5
2024-01-30,Morning,337,19,0,5
2024-01-30,Evening,351,5,0,5
2024-01-31,Morning,408,13,10,4
2024-01-31,Evening,397,12,0,4
2024-02-01,Morning,351,11,0,3
2024-02-01,Evening,416,9,10,4
2024-02-02,Morning,399,19,10,4
2024-02-02,Evening,500,24,0,3
2024-02-03,Morning,519,7,120,5
2024-02-03,Evening,548,20,0,4
2024-02-04,Morning,505,19,60,4
2024-02-04,Evening,501,15,0,5
2024-02-05,Morning,468,13,0,5
2024-02-05,Evening,482,10,60,3
2024-02-06,Morning,446,11,10,4
2024-02-06,Evening,382,11,0,5
2024-02-07,Morning,390,5,0,3
2024-02-07,Evening,389,5,10,4
2024-02-08,Morning,404,20,0,3
2024-02-08,Evening,427,16,10,4
2024-02-09,Morning,459,17,0,5
2024-02-09,Evening,458,21,0,3
2024-02-10,Morning,579,11,0,4
2024-02-10,Evening,519,18,0,4
2024-02-11,Morning,630,18,0,3
2024-02-11,Evening,509,13,10,5
2024-02-12,Morning,408,16,25,5
2024-02-12,Evening,486,21,0,3
2024-02-13,Morning,406,23,25,3
2024-02-13,Evening,491,10,0,5
2024-02-14,Morning,388,9,10,4
2024-02-14,Evening,429,4,0,5
2024-02-15,Morning,373,9,0,3
2024-02-15,Evening,445,15,10,3
2024-02-16,Morning,420,8,25,4
2024-02-16,Evening,483,25,60,3
2024-02-17,Morning,646,14,0,3
2024-02-17,Evening,588,8,10,5
2024-02-18,Morning,635,31,0,5
2024-02-18,Evening,577,9,10,4
2024-02-19,Morning,485,12,10,5
2024-02-19,Evening,379,20,120,4
2024-02-20,Morning,497,11,0,3
2024-02-20,Evening,459,21,0,5
2024-02-21,Morning,412,22,10,4
2024-02-21,Evening,436,13,10,4
2024-02-22,Morning,388,4,0,5
2024-02-22,Evening,421,6,0,3
2024-02-23,Morning,380,21,0,4
2024-02-23,Evening,492,19,0,4
2024-02-24,Morning,573,29,0,5
2024-02-24,Evening,550,13,10,5
2024-02-25,Morning,615,27,0,3
2024-02-25,Evening,579,6,10,4
2024-02-26,Morning,390,13,60,4
2024-02-26,Evening,370,6,0,4
2024-02-27,Morning,410,13,25,5
2024-02-27,Evening,405,16,0,3
2024-02-28,Morning,470,8,0,5
2024-02-28,Evening,400,10,60,3
2024-02-29,Morning,385,13,0,4
2024-02-29,Evening,491,14,0,3
2024-03-01,Morning,395,9,0,4
2024-03-01,Evening,425,17,120,5
2024-03-02,Morning,662,22,60,5
2024-03-02,Evening,605,11,0,5
2024-03-03,Morning,506,12,0,3
2024-03-03,Evening,505,26,10,4
2024-03-04,Morning,351,4,0,3
2024-03-04,Evening,359,18,25,4
2024-03-05,Morning,379,19,25,5
2024-03-05,Evening,350,3,0,5
2024-03-06,Morning,437,24,0,4
2024-03-06,Evening,449,10,10,4
2024-03-07,Morning,391,11,25,3
2024-03-07,Evening,452,20,60,4
2024-03-08,Morning,434,6,0,3
2024-03-08,Evening,399,5,0,4
2024-03-09,Morning,533,21,0,4
2024-03-09,Evening,660,27,25,4
2024-03-10,Morning,668,29,60,3
2024-03-10,Evening,507,17,60,3
2024-03-11,Morning,398,17,0,3
2024-03-11,Evening,486,20,0,5
2024-03-12,Morning,465,24,0,4
2024-03-12,Evening,361,19,25,3
2024-03-13,Morning,489,16,25,4
2024-03-13,Evening,453,20,10,5
2024-03-14,Morning,380,20,0,4
2024-03-14,Evening,380,20,25,5
2024-03-15,Morning,428,5,60,5
2024-03-15,Evening,354,3,120,5
2024-03-16,Morning,630,7,10,4
2024-03-16,Evening,616,8,10,4
2024-03-17,Morning,613,34,10,3
2024-03-17,Evening,528,20,25,4
2024-03-18,Morning,404,22,10,4
2024-03-18,Evening,470,6,10,3
2024-03-19,Morning,403,19,0,4
2024-03-19,Evening,391,21,10,5
2024-03-20,Morning,371,19,0,4
2024-03-20,Evening,379,6,120,4
2024-03-21,Morning,486,27,0,5
2024-03-21,Evening,456,5,10,4
2024-03-22,Morning,381,15,25,5
2024-03-22,Evening,375,5,0,4
2024-03-23,Morning,697,14,25,4
2024-03-23,Evening,606,7,25,4
2024-03-24,Morning,597,7,0,5
2024-03-24,Evening,681,21,10,5
2024-03-25,Morning,351,5,10,4
2024-03-25,Evening,488,13,0,4
2024-03-26,Morning,461,21,10,5
2024-03-26,Evening,466,10,0,5
2024-03-27,Morning,405,18,25,3
2024-03-27,Evening,378,4,0,3
2024-03-28,Morning,368,9,10,5
2024-03-28,Evening,454,23,10,5
2024-03-29,Morning,438,20,10,4
2024-03-29,Evening,500,16,0,4
2024-03-30,Morning,585,15,0,4
2024-03-30,Evening,612,18,10,3
2024-03-31,Morning,653,18,0,4
2024-03-31,Evening,696,14,0,3
2024-04-01,Morning,418,7,0,3
2024-04-01,Evening,361,18,10,3
2024-04-02,Morning,357,8,10,5
2024-04-02,Evening,465,24,60,5
2024-04-03,Morning,369,14,60,3
2024-04-03,Evening,444,17,0,4
2024-04-04,Morning,403,5,25,4
2024-04-04,Evening,447,20,0,3
2024-04-05,Morning,353,19,10,4
2024-04-05,Evening,426,5,0,3
2024-04-06,Morning,605,10,10,4
2024-04-06,Evening,694,24,0,5
2024-04-07,Morning,617,7,0,3
2024-04-07,Evening,607,21,10,5
2024-04-08,Morning,463,20,0,4
2024-04-08,Evening,370,10,25,3
2024-04-09,Morning,395,20,10,4
2024-04-09,Evening,363,18,0,4
2024-04-10,Morning,423,20,10,3
2024-04-10,Evening,468,6,10,5
2024-04-11,Morning,405,11,60,5
2024-04-11,Evening,452,4,60,5
2024-04-12,Morning,352,11,10,4
2024-04-12,Evening,446,12,10,5
2024-04-13,Morning,684,13,10,5
2024-04-13,Evening,685,12,0,4
2024-04-14,Morning,516,12,0,5
2024-04-14,Evening,680,37,25,4
2024-04-15,Morning,417,15,0,4
2024-04-15,Evening,368,20,10,5
2024-04-16,Morning,370,21,25,4
2024-04-16,Evening,459,16,0,5
2024-04-17,Morning,453,13,0,3
2024-04-17,Evening,423,7,10,4
2024-04-18,Morning,459,8,0,5
2024-04-18,Evening,460,25,0,4
2024-04-19,Morning,418,13,0,3
2024-04-19,Evening,444,16,10,4
2024-04-20,Morning,628,26,10,4
2024-04-20,Evening,549,26,0,5
2024-04-21,Morning,521,19,0,3
2024-04-21,Evening,586,13,0,5
2024-04-22,Morning,442,26,0,5
2024-04-22,Evening,482,27,60,5
2024-04-23,Morning,413,7,0,4
2024-04-23,Evening,386,18,10,3
2024-04-24,Morning,468,5,25,4
2024-04-24,Evening,446,14,10,3
2024-04-25,Morning,497,22,10,4
2024-04-25,Evening,443,24,0,3
2024-04-26,Morning,400,9,10,4
2024-04-26,Evening,461,19,0,3
2024-04-27,Morning,639,28,25,3
2024-04-27,Evening,668,16,0,4
2024-04-28,Morning,589,20,0,5
2024-04-28,Evening,537,15,0,4
2024-04-29,Morning,493,16,60,4
2024-04-29,Evening,406,8,10,4
2024-04-30,Morning,356,3,0,5
2024-04-30,Evening,414,15,0,3
2024-05-01,Morning,432,6,0,5
2024-05-01,Evening,473,11,10,5
2024-05-02,Morning,480,11,60,3
2024-05-02,Evening,351,3,25,4
2024-05-03,Morning,373,10,25,4
2024-05-03,Evening,449,14,0,4
2024-05-04,Morning,594,24,0,5
2024-05-04,Evening,642,34,60,3
2024-05-05,Morning,567,14,0,5
2024-05-05,Evening,512,30,0,3
2024-05-06,Morning,482,8,0,3
2024-05-06,Evening,418,6,10,5
2024-05-07,Morning,416,11,25,5
2024-05-07,Evening,498,25,10,3
2024-05-08,Morning,446,16,25,4
2024-05-08,Evening,434,15,0,3
2024-05-09,Morning,495,29,10,5
2024-05-09,Evening,466,19,0,3
2024-05-10,Morning,412,16,10,3
2024-05-10,Evening,390,3,10,5
2024-05-11,Morning,621,7,0,3
2024-05-11,Evening,645,22,25,3
2024-05-12,Morning,628,33,10,5
2024-05-12,Evening,529,5,0,3
2024-05-13,Morning,441,26,25,5
2024-05-13,Evening,454,10,0,5
2024-05-14,Morning,403,9,0,5
2024-05-14,Evening,462,20,60,5
2024-05-15,Morning,443,11,120,3
2024-05-15,Evening,493,19,10,5
2024-05-16,Morning,496,15,25,3
2024-05-16,Evening,389,22,0,3
2024-05-17,Morning,439,13,10,4
2024-05-17,Evening,378,14,25,5
2024-05-18,Morning,553,19,10,3
2024-05-18,Evening,512,27,10,4
2024-05-19,Morning,587,17,0,3
2024-05-19,Evening,568,6,60,5
2024-05-20,Morning,439,14,25,3
2024-05-20,Evening,423,20,0,5
2024-05-21,Morning,361,12,120,3
2024-05-21,Evening,483,15,10,4
2024-05-22,Morning,361,6,10,3
2024-05-22,Evening,448,13,10,5
2024-05-23,Morning,473,9,10,5
2024-05-23,Evening,391,21,0,3
2024-05-24,Morning,376,7,10,5
2024-05-24,Evening,482,13,120,5
2024-05-25,Morning,517,11,10,5
2024-05-25,Evening,518,11,0,5
2024-05-26,Morning,507,9,10,3
2024-05-26,Evening,606,17,0,4
2024-05-27,Morning,375,9,10,4
2024-05-27,Evening,351,11,0,4
2024-05-28,Morning,390,10,0,3
2024-05-28,Evening,462,10,0,4
2024-05-29,Morning,489,5,0,5
2024-05-29,Evening,486,18,25,3
2024-05-30,Morning,473,21,0,3
2024-05-30,Evening,486,23,0,3
2024-05-31,Morning,401,9,120,3
2024-05-31,Evening,366,18,10,3
2024-06-01,Morning,730,41,25,4
2024-06-01,Evening,669,34,0,4
2024-06-02,Morning,676,12,60,5
2024-06-02,Evening,839,36,25,3
2024-06-03,Morning,470,8,0,5
2024-06-03,Evening,596,9,0,3
2024-06-04,Morning,469,5,25,3
2024-06-04,Evening,522,18,0,4
2024-06-05,Morning,531,17,10,3
2024-06-05,Evening,517,17,0,5
2024-06-06,Morning,590,34,0,5
2024-06-06,Evening,530,8,10,5
2024-06-07,Morning,539,16,25,5
2024-06-07,Evening,488,11,0,3
2024-06-08,Morning,839,48,0,3
2024-06-08,Evening,718,42,0,5
2024-06-09,Morning,846,44,0,5
2024-06-09,Evening,833,11,0,5
2024-06-10,Morning,465,16,10,3
2024-06-10,Evening,582,24,0,4
2024-06-11,Morning,486,11,25,5
2024-06-11,Evening,556,7,0,3
2024-06-12,Morning,570,17,0,3
2024-06-12,Evening,588,28,0,5
2024-06-13,Morning,630,20,10,5
2024-06-13,Evening,486,12,0,4
2024-06-14,Morning,470,21,0,5
2024-06-14,Evening,560,15,10,5
2024-06-15,Morning,666,17,0,5
2024-06-15,Evening,854,9,0,4
2024-06-16,Morning,895,42,10,4
2024-06-16,Evening,653,30,25,5
2024-06-17,Morning,643,11,10,5
2024-06-17,Evening,611,12,0,5
2024-06-18,Morning,542,9,0,5
2024-06-18,Evening,513,6,0,4
2024-06-19,Morning,456,25,0,3
2024-06-19,Evening,627,18,10,4
2024-06-20,Morning,508,25,25,5
2024-06-20,Evening,614,7,0,4
2024-06-21,Morning,542,31,60,5
2024-06-21,Evening,620,13,25,4
2024-06-22,Morning,738,16,60,4
2024-06-22,Evening,774,32,25,5
2024-06-23,Morning,902,25,0,5
2024-06-23,Evening,741,44,25,5
2024-06-24,Morning,608,21,0,3
2024-06-24,Evening,494,16,25,3
2024-06-25,Morning,566,21,60,4
2024-06-25,Evening,646,31,10,3
2024-06-26,Morning,643,15,0,4
2024-06-26,Evening,514,9,0,5
2024-06-27,Morning,464,26,60,4
2024-06-27,Evening,559,11,0,4
2024-06-28,Morning,466,13,25,3
2024-06-28,Evening,516,6,10,3
2024-06-29,Morning,650,12,0,3
2024-06-29,Evening,683,8,25,5
2024-06-30,Morning,877,49,10,4
2024-06-30,Evening,711,33,25,3
2024-07-01,Morning,522,30,25,4
2024-07-01,Evening,634,14,0,3
2024-07-02,Morning,600,14,10,5
2024-07-02,Evening,488,20,25,3
2024-07-03,Morning,640,27,0,3
2024-07-03,Evening,583,9,10,3
2024-07-04,Morning,509,28,10,3
2024-07-04,Evening,505,6,0,3
2024-07-05,Morning,626,15,0,3
2024-07-05,Evening,496,11,10,3
2024-07-06,Morning,895,15,25,4
2024-07-06,Evening,737,34,10,3
2024-07-07,Morning,889,10,0,4
2024-07-07,Evening,861,27,25,3
2024-07-08,Morning,525,20,120,4
2024-07-08,Evening,634,32,25,5
2024-07-09,Morning,590,23,0,5
2024-07-09,Evening,642,24,120,5
2024-07-10,Morning,577,10,0,4
2024-07-10,Evening,494,14,0,5
2024-07-11,Morning,546,14,0,4
2024-07-11,Evening,525,31,10,5
2024-07-12,Morning,491,12,0,4
2024-07-12,Evening,496,23,10,5
2024-07-13,Morning,715,7,120,3
2024-07-13,Evening,757,21,10,4
2024-07-14,Morning,659,30,0,5
2024-07-14,Evening,813,18,25,3
2024-07-15,Morning,566,32,0,3
2024-07-15,Evening,587,33,10,4
2024-07-16,Morning,565,15,0,5
2024-07-16,Evening,626,32,25,5
2024-07-17,Morning,648,34,0,5
2024-07-17,Evening,546,27,10,5
2024-07-18,Morning,564,27,25,3
2024-07-18,Evening,625,28,0,3
2024-07-19,Morning,503,27,25,3
2024-07-19,Evening,483,20,10,4
2024-07-20,Morning,739,42,0,4
2024-07-20,Evening,845,36,0,3
2024-07-21,Morning,854,13,60,5
2024-07-21,Evening,674,20,0,3
2024-07-22,Morning,529,7,25,5
2024-07-22,Evening,456,10,0,5
2024-07-23,Morning,521,17,25,5
2024-07-23,Evening,474,5,10,4
2024-07-24,Morning,481,9,0,3
2024-07-24,Evening,486,16,10,3
2024-07-25,Morning,643,24,0,3
2024-07-25,Evening,603,30,10,3
2024-07-26,Morning,513,10,60,4
2024-07-26,Evening,505,5,10,4
2024-07-27,Morning,897,30,10,3
2024-07-27,Evening,750,25,0,4
2024-07-28,Morning,851,46,60,4
2024-07-28,Evening,828,46,0,5
2024-07-29,Morning,525,9,60,3
2024-07-29,Evening,575,28,0,3
2024-07-30,Morning,596,20,0,5
2024-07-30,Evening,464,16,25,4
2024-07-31,Morning,621,28,10,4
2024-07-31,Evening,621,31,60,3
2024-08-01,Morning,445,24,0,4
2024-08-01,Evening,394,6,60,5
2024-08-02,Morning,398,9,10,4
2024-08-02,Evening,432,22,25,5
2024-08-03,Morning,608,6,10,4
2024-08-03,Evening,612,36,0,4
2024-08-04,Morning,671,34,60,4
2024-08-04,Evening,660,30,25,5
2024-08-05,Morning,466,26,10,5
2024-08-05,Evening,397,4,10,5
2024-08-06,Morning,414,14,0,5
2024-08-06,Evening,410,14,10,3
2024-08-07,Morning,433,9,10,4
2024-08-07,Evening,370,12,0,4
2024-08-08,Morning,457,19,25,5
2024-08-08,Evening,489,5,0,4
2024-08-09,Morning,444,14,0,5
2024-08-09,Evening,385,22,25,3
2024-08-10,Morning,653,37,0,3
2024-08-10,Evening,601,19,10,4
2024-08-11,Morning,677,16,25,5
2024-08-11,Evening,622,20,0,3
2024-08-12,Morning,380,10,0,4
2024-08-12,Evening,373,13,10,4
2024-08-13,Morning,373,10,0,4
2024-08-13,Evening,499,15,0,5
2024-08-14,Morning,472,20,0,4
2024-08-14,Evening,394,19,0,5
2024-08-15,Morning,471,11,25,4
2024-08-15,Evening,355,10,10,4
2024-08-16,Morning,458,6,10,4
2024-08-16,Evening,437,15,0,5
2024-08-17,Morning,648,32,0,5
2024-08-17,Evening,519,8,10,3
2024-08-18,Morning,566,14,10,5
2024-08-18,Evening,540,12,0,5
2024-08-19,Morning,355,16,10,4
2024-08-19,Evening,380,15,0,5
2024-08-20,Morning,387,22,10,4
2024-08-20,Evening,388,7,0,5
2024-08-21,Morning,415,6,10,3
2024-08-21,Evening,374,5,25,5
2024-08-22,Morning,366,13,60,3
2024-08-22,Evening,494,11,0,5
2024-08-23,Morning,420,20,0,5
2024-08-23,Evening,350,11,0,3
2024-08-24,Morning,668,35,60,3
2024-08-24,Evening,513,28,0,4
2024-08-25,Morning,649,37,0,5
2024-08-25,Evening,528,30,0,4
2024-08-26,Morning,458,9,10,5
2024-08-26,Evening,391,9,10,5
2024-08-27,Morning,394,11,60,5
2024-08-27,Evening,432,14,0,4
2024-08-28,Morning,438,15,0,3
2024-08-28,Evening,361,19,0,5
2024-08-29,Morning,396,21,10,4
2024-08-29,Evening,369,13,0,4
2024-08-30,Morning,439,21,0,4
2024-08-30,Evening,399,11,0,4
2024-08-31,Morning,646,23,0,5
2024-08-31,Evening,523,30,10,4
2024-09-01,Morning,580,31,10,4
2024-09-01,Evening,515,6,10,5
2024-09-02,Morning,392,10,0,3
2024-09-02,Evening,493,19,0,5
2024-09-03,Morning,452,22,0,5
2024-09-03,Evening,410,20,25,4
2024-09-04,Morning,428,6,10,5
2024-09-04,Evening,460,11,0,3
2024-09-05,Morning,481,11,0,3
2024-09-05,Evening,449,10,10,3
2024-09-06,Morning,473,12,10,4
2024-09-06,Evening,374,15,0,4
2024-09-07,Morning,684,9,10,5
2024-09-07,Evening,595,22,25,3
2024-09-08,Morning,561,17,120,5
2024-09-08,Evening,552,7,25,3
2024-09-09,Morning,453,12,0,4
2024-09-09,Evening,457,21,0,5
2024-09-10,Morning,494,29,10,4
2024-09-10,Evening,407,10,0,4
2024-09-11,Morning,381,16,0,5
2024-09-11,Evening,485,7,60,4
2024-09-12,Morning,444,7,0,3
2024-09-12,Evening,398,11,10,4
2024-09-13,Morning,469,21,0,3
2024-09-13,Evening,364,16,0,5
2024-09-14,Morning,652,34,10,5
2024-09-14,Evening,577,19,10,5
2024-09-15,Morning,602,33,0,4
2024-09-15,Evening,594,11,10,4
2024-09-16,Morning,369,12,10,5
2024-09-16,Evening,461,18,25,3
2024-09-17,Morning,363,14,25,5
2024-09-17,Evening,429,11,10,5
2024-09-18,Morning,477,22,0,4
2024-09-18,Evening,481,7,0,3
2024-09-19,Morning,466,22,0,4
2024-09-19,Evening,444,13,60,5
2024-09-20,Morning,435,9,0,3
2024-09-20,Evening,457,20,0,5
2024-09-21,Morning,692,20,60,5
2024-09-21,Evening,510,20,25,5
2024-09-22,Morning,641,24,120,5
2024-09-22,Evening,543,8,10,3
2024-09-23,Morning,377,11,10,3
2024-09-23,Evening,494,25,25,5
2024-09-24,Morning,458,25,0,3
2024-09-24,Evening,458,17,0,5
2024-09-25,Morning,429,19,60,5
2024-09-25,Evening,446,8,10,4
2024-09-26,Morning,408,11,10,4
2024-09-26,Evening,372,9,0,5
2024-09-27,Morning,428,13,0,5
2024-09-27,Evening,398,19,0,4
2024-09-28,Morning,602,35,25,5
2024-09-28,Evening,677,27,10,3
2024-09-29,Morning,666,30,0,4
2024-09-29,Evening,514,22,0,4
2024-09-30,Morning,392,20,60,3
2024-09-30,Evening,421,7,10,5
2024-10-01,Morning,415,24,10,3
2024-10-01,Evening,464,8,0,4
2024-10-02,Morning,498,26,10,5
2024-10-02,Evening,471,25,0,3
2024-10-03,Morning,472,22,0,5
2024-10-03,Evening,464,24,0,3
2024-10-04,Morning,463,13,0,5
2024-10-04,Evening,381,11,0,5
2024-10-05,Morning,568,15,60,4
2024-10-05,Evening,666,15,120,3
2024-10-06,Morning,541,24,0,4
2024-10-06,Evening,552,12,0,5
2024-10-07,Morning,390,21,10,4
2024-10-07,Evening,447,15,10,5
2024-10-08,Morning,464,22,0,5
2024-10-08,Evening,386,6,0,4
2024-10-09,Morning,499,8,0,4
2024-10-09,Evening,441,18,0,3
2024-10-10,Morning,402,18,10,4
2024-10-10,Evening,470,9,0,4
2024-10-11,Morning,392,18,0,3
2024-10-11,Evening,430,18,0,4
2024-10-12,Morning,581,9,0,4
2024-10-12,Evening,616,7,0,4
2024-10-13,Morning,503,11,0,3
2024-10-13,Evening,652,30,0,5
2024-10-14,Morning,380,12,0,5
2024-10-14,Evening,364,18,0,5
2024-10-15,Morning,472,12,10,3
2024-10-15,Evening,409,17,0,4
2024-10-16,Morning,432,21,0,3
2024-10-16,Evening,455,5,10,5
2024-10-17,Morning,451,23,25,4
2024-10-17,Evening,436,11,10,4
2024-10-18,Morning,416,14,25,5
2024-10-18,Evening,443,8,0,4
2024-10-19,Morning,567,31,10,4
2024-10-19,Evening,667,10,0,5
2024-10-20,Morning,667,6,0,4
2024-10-20,Evening,696,33,60,5
2024-10-21,Morning,444,9,0,4
2024-10-21,Evening,361,17,25,5
2024-10-22,Morning,366,14,0,5
2024-10-22,Evening,378,15,10,3
2024-10-23,Morning,426,22,10,3
2024-10-23,Evening,350,19,10,3
2024-10-24,Morning,500,13,60,4
2024-10-24,Evening,401,17,10,4
2024-10-25,Morning,482,12,10,4
2024-10-25,Evening,356,15,120,3
2024-10-26,Morning,658,18,0,4
2024-10-26,Evening,655,10,0,3
2024-10-27,Morning,611,29,0,5
2024-10-27,Evening,567,24,10,3
2024-10-28,Morning,400,23,60,5
2024-10-28,Evening,466,19,25,3
2024-10-29,Morning,493,10,10,3
2024-10-29,Evening,464,23,0,3
2024-10-30,Morning,435,6,10,3
2024-10-30,Evening,483,6,0,4
2024-10-31,Morning,380,14,0,3
2024-10-31,Evening,492,24,10,4
2024-11-01,Morning,368,8,25,3
2024-11-01,Evening,381,10,25,5
2024-11-02,Morning,556,19,10,3
2024-11-02,Evening,611,14,10,5
2024-11-03,Morning,685,7,10,3
2024-11-03,Evening,523,7,0,4
2024-11-04,Morning,481,14,10,3
2024-11-04,Evening,492,11,120,3
2024-11-05,Morning,423,22,0,3
2024-11-05,Evening,391,7,10,4
2024-11-06,Morning,438,5,60,3
2024-11-06,Evening,387,11,0,3
2024-11-07,Morning,487,16,10,5
2024-11-07,Evening,436,26,10,5
2024-11-08,Morning,359,12,10,4
2024-11-08,Evening,458,20,10,5
2024-11-09,Morning,562,31,0,5
2024-11-09,Evening,549,9,0,4
2024-11-10,Morning,516,21,10,4
2024-11-10,Evening,612,20,10,4
2024-11-11,Morning,400,13,25,5
2024-11-11,Evening,437,24,10,4
2024-11-12,Morning,473,25,120,4
2024-11-12,Evening,459,13,0,5
2024-11-13,Morning,467,7,0,5
2024-11-13,Evening,453,20,25,4
2024-11-14,Morning,419,23,10,4
2024-11-14,Evening,358,16,25,3
2024-11-15,Morning,423,7,0,5
2024-11-15,Evening,456,19,10,3
2024-11-16,Morning,616,35,0,3
2024-11-16,Evening,688,9,0,5
2024-11-17,Morning,666,23,0,5
2024-11-17,Evening,612,23,25,5
2024-11-18,Morning,390,7,25,3
2024-11-18,Evening,410,24,0,5
2024-11-19,Morning,432,5,0,3
2024-11-19,Evening,363,21,0,4
2024-11-20,Morning,449,9,25,5
2024-11-20,Evening,413,16,60,3
2024-11-21,Morning,368,8,60,4
2024-11-21,Evening,476,25,0,4
2024-11-22,Morning,385,18,0,3
2024-11-22,Evening,440,11,0,4
2024-11-23,Morning,649,6,60,5
2024-11-23,Evening,687,12,0,3
2024-11-24,Morning,537,12,25,3
2024-11-24,Evening,581,8,120,3
2024-11-25,Morning,499,14,10,3
2024-11-25,Evening,426,23,60,4
2024-11-26,Morning,428,10,10,3
2024-11-26,Evening,450,7,10,5
2024-11-27,Morning,365,5,10,3
2024-11-27,Evening,400,7,0,5
2024-11-28,Morning,449,15,0,4
2024-11-28,Evening,434,20,0,4
2024-11-29,Morning,430,20,10,5
2024-11-29,Evening,467,22,0,3
2024-11-30,Morning,536,16,60,3
2024-11-30,Evening,542,14,25,5
2024-12-01,Morning,798,37,0,4
2024-12-01,Evening,963,22,60,5
2024-12-02,Morning,557,17,120,3
2024-12-02,Evening,588,33,0,5
2024-12-03,Morning,572,23,25,3
2024-12-03,Evening,536,23,10,5
2024-12-04,Morning,656,18,0,5
2024-12-04,Evening,574,25,10,4
2024-12-05,Morning,554,18,0,5
2024-12-05,Evening,597,28,10,3
2024-12-06,Morning,515,22,0,5
2024-12-06,Evening,609,14,60,4
2024-12-07,Morning,746,12,25,4
2024-12-07,Evening,964,11,0,3
2024-12-08,Morning,907,17,10,5
2024-12-08,Evening,826,48,25,3
2024-12-09,Morning,541,9,10,4
2024-12-09,Evening,677,29,0,3
2024-12-10,Morning,651,35,10,4
2024-12-10,Evening,669,23,0,3
2024-12-11,Morning,501,27,0,4
2024-12-11,Evening,505,22,25,5
2024-12-12,Morning,638,19,0,4
2024-12-12,Evening,665,21,0,3
2024-12-13,Morning,575,31,0,5
2024-12-13,Evening,631,6,0,3
2024-12-14,Morning,939,54,0,3
2024-12-14,Evening,726,17,25,5
2024-12-15,Morning,765,20,0,3
2024-12-15,Evening,733,25,0,3
2024-12-16,Morning,662,9,25,5
2024-12-16,Evening,697,16,10,3
2024-12-17,Morning,652,36,0,5
2024-12-17,Evening,670,7,10,4
2024-12-18,Morning,623,30,0,3
2024-12-18,Evening,589,16,10,3
2024-12-19,Morning,680,29,25,3
2024-12-19,Evening,663,23,0,5
2024-12-20,Morning,666,12,0,5
2024-12-20,Evening,572,23,0,4
2024-12-21,Morning,730,31,0,5
2024-12-21,Evening,700,29,0,5
2024-12-22,Morning,960,47,0,5
2024-12-22,Evening,937,54,10,3
2024-12-23,Morning,676,18,0,3
2024-12-23,Evening,533,14,0,5
2024-12-24,Morning,571,27,0,4
2024-12-24,Evening,553,17,10,5
2024-12-25,Morning,625,6,0,5
2024-12-25,Evening,512,13,0,3
2024-12-26,Morning,613,18,25,4
2024-12-26,Evening,589,10,0,5
2024-12-27,Morning,532,23,0,4
2024-12-27,Evening,496,11,0,4
2024-12-28,Morning,902,42,0,4
2024-12-28,Evening,798,31,10,4
2024-12-29,Morning,830,42,25,3
2024-12-29,Evening,904,15,0,4
2024-12-30,Morning,665,24,10,3
2024-12-30,Evening,617,35,0,3
2024-12-31,Morning,571,13,0,3
2024-12-31,Evening,583,22,25,3
2025-01-01,Morning,382,6,0,5
2025-01-01,Evening,328,9,0,5
2025-01-02,Morning,380,17,25,4
2025-01-02,Evening,326,16,0,3
2025-01-03,Morning,321,16,10,4
2025-01-03,Evening,375,7,0,4
2025-01-04,Morning,504,17,25,4
2025-01-04,Evening,504,12,0,4
2025-01-05,Morning,520,8,0,3
2025-01-05,Evening,455,20,25,3
2025-01-06,Morning,354,5,0,3
2025-01-06,Evening,329,18,0,4
2025-01-07,Morning,366,19,25,4
2025-01-07,Evening,348,18,10,5
2025-01-08,Morning,369,10,0,5
2025-01-08,Evening,316,5,60,3
2025-01-09,Morning,413,9,0,3
2025-01-09,Evening,403,9,10,5
2025-01-10,Morning,402,23,10,3
2025-01-10,Evening,315,9,10,5
2025-01-11,Morning,441,21,0,4
2025-01-11,Evening,575,7,0,4
2025-01-12,Morning,481,22,120,4
2025-01-12,Evening,580,21,25,3
2025-01-13,Morning,419,9,10,4
2025-01-13,Evening,341,15,0,3
2025-01-14,Morning,374,9,25,3
2025-01-14,Evening,374,19,10,4
2025-01-15,Morning,312,7,0,5
2025-01-15,Evening,387,11,60,3
2025-01-16,Morning,332,18,0,3
2025-01-16,Evening,409,22,0,3
2025-01-17,Morning,359,6,10,3
2025-01-17,Evening,385,21,10,3
2025-01-18,Morning,570,12,0,3
2025-01-18,Evening,431,13,0,4
2025-01-19,Morning,485,18,0,5
2025-01-19,Evening,496,6,0,5
2025-01-20,Morning,371,17,0,4
2025-01-20,Evening,399,12,10,3
2025-01-21,Morning,347,11,0,4
2025-01-21,Evening,297,9,0,4
2025-01-22,Morning,333,7,0,5
2025-01-22,Evening,413,22,120,3
2025-01-23,Morning,341,4,25,5
2025-01-23,Evening,350,3,10,4
2025-01-24,Morning,409,8,0,4
2025-01-24,Evening,311,9,0,4
2025-01-25,Morning,498,16,25,3
2025-01-25,Evening,458,13,0,3
2025-01-26,Morning,583,20,60,4
2025-01-26,Evening,588,18,0,3
2025-01-27,Morning,409,21,0,4
2025-01-27,Evening,410,10,10,5
2025-01-28,Morning,350,7,0,4
2025-01-28,Evening,361,16,60,4
2025-01-29,Morning,370,21,10,5
2025-01-29,Evening,396,14,0,3
2025-01-30,Morning,414,8,0,3
2025-01-30,Evening,413,5,25,5
2025-01-31,Morning,421,17,0,3
2025-01-31,Evening,320,15,10,5
2025-02-01,Morning,512,24,0,3
2025-02-01,Evening,500,5,0,5
2025-02-02,Morning,595,17,0,5
2025-02-02,Evening,632,15,0,4
2025-02-03,Morning,432,23,0,3
2025-02-03,Evening,479,17,0,5
2025-02-04,Morning,397,10,10,5
2025-02-04,Evening,484,8,60,4
2025-02-05,Morning,358,13,0,3
2025-02-05,Evening,484,5,0,3
2025-02-06,Morning,413,23,0,4
2025-02-06,Evening,482,7,0,4
2025-02-07,Morning,373,8,10,5
2025-02-07,Evening,477,23,25,4
2025-02-08,Morning,510,28,25,3
2025-02-08,Evening,515,9,120,5
2025-02-09,Morning,694,34,0,4
2025-02-09,Evening,570,23,0,5
2025-02-10,Morning,422,15,0,5
2025-02-10,Evening,376,7,120,5
2025-02-11,Morning,367,19,0,4
2025-02-11,Evening,383,5,60,3
2025-02-12,Morning,380,12,0,3
2025-02-12,Evening,445,10,0,3
2025-02-13,Morning,428,11,10,3
2025-02-13,Evening,442,7,25,5
2025-02-14,Morning,492,24,60,4
2025-02-14,Evening,426,21,0,5
2025-02-15,Morning,651,19,10,5
2025-02-15,Evening,545,10,0,3
2025-02-16,Morning,599,10,10,5
2025-02-16,Evening,557,20,0,3
2025-02-17,Morning,494,15,10,5
2025-02-17,Evening,495,26,10,4
2025-02-18,Morning,491,16,0,5
2025-02-18,Evening,500,28,25,5
2025-02-19,Morning,377,14,10,3
2025-02-19,Evening,446,21,60,5
2025-02-20,Morning,421,15,0,5
2025-02-20,Evening,387,19,0,3
2025-02-21,Morning,377,8,25,4
2025-02-21,Evening,377,22,25,3
2025-02-22,Morning,675,10,60,3
2025-02-22,Evening,666,12,25,3
2025-02-23,Morning,586,35,0,3
2025-02-23,Evening,508,17,10,5
2025-02-24,Morning,467,22,25,5
2025-02-24,Evening,495,26,0,5
2025-02-25,Morning,404,10,25,4
2025-02-25,Evening,428,19,0,5
2025-02-26,Morning,448,19,10,5
2025-02-26,Evening,456,6,0,3
2025-02-27,Morning,472,8,0,5
2025-02-27,Evening,471,11,0,5
2025-02-28,Morning,480,15,0,5
2025-02-28,Evening,498,23,0,4
2025-03-01,Morning,599,30,120,5
2025-03-01,Evening,579,26,10,3
2025-03-02,Morning,629,32,10,5
2025-03-02,Evening,584,19,0,3
2025-03-03,Morning,427,14,0,4
2025-03-03,Evening,492,17,0,3
2025-03-04,Morning,451,9,0,4
2025-03-04,Evening,487,12,10,4
2025-03-05,Morning,488,16,0,5
2025-03-05,Evening,460,20,0,4
2025-03-06,Morning,385,14,0,3
2025-03-06,Evening,424,6,0,4
2025-03-07,Morning,409,8,0,4
2025-03-07,Evening,488,27,0,3
2025-03-08,Morning,584,31,0,5
2025-03-08,Evening,676,21,0,5
2025-03-09,Morning,549,14,0,4
2025-03-09,Evening,565,20,10,3
2025-03-10,Morning,363,21,0,3
2025-03-10,Evening,417,10,0,4
2025-03-11,Morning,458,20,0,3
2025-03-11,Evening,466,18,25,4
2025-03-12,Morning,425,9,0,5
2025-03-12,Evening,402,23,10,4
2025-03-13,Morning,450,24,60,5
2025-03-13,Evening,417,23,10,5
2025-03-14,Morning,402,23,25,5
2025-03-14,Evening,402,8,25,4
2025-03-15,Morning,505,29,10,4
2025-03-15,Evening,674,36,0,3
2025-03-16,Morning,515,25,10,5
2025-03-16,Evening,530,17,0,3
2025-03-17,Morning,399,6,10,5
2025-03-17,Evening,496,14,10,5
2025-03-18,Morning,362,13,10,5
2025-03-18,Evening,398,9,0,3
2025-03-19,Morning,385,22,0,5
2025-03-19,Evening,457,19,0,3
2025-03-20,Morning,483,11,25,3
2025-03-20,Evening,351,9,60,4
2025-03-21,Morning,367,7,0,4
2025-03-21,Evening,487,28,10,3
2025-03-22,Morning,579,7,60,3
2025-03-22,Evening,652,34,10,5
2025-03-23,Morning,570,22,0,5
2025-03-23,Evening,626,14,25,5
2025-03-24,Morning,409,11,25,3
2025-03-24,Evening,360,8,0,4
2025-03-25,Morning,494,8,25,4
2025-03-25,Evening,411,12,0,5
2025-03-26,Morning,433,19,0,4
2025-03-26,Evening,392,10,0,3
2025-03-27,Morning,426,15,0,4
2025-03-27,Evening,477,12,25,4
2025-03-28,Morning,420,9,0,4
2025-03-28,Evening,447,26,0,5
2025-03-29,Morning,568,26,60,4
2025-03-29,Evening,550,15,25,4
2025-03-30,Morning,672,8,25,3
2025-03-30,Evening,675,11,0,3
2025-03-31,Morning,467,12,10,3
2025-03-31,Evening,442,14,0,5
2025-04-01,Morning,367,10,10,5
2025-04-01,Evening,497,19,0,3
2025-04-02,Morning,457,4,25,5
2025-04-02,Evening,412,19,0,5
2025-04-03,Morning,477,27,0,5
2025-04-03,Evening,497,6,0,5
2025-04-04,Morning,354,15,0,3
2025-04-04,Evening,379,20,0,3
2025-04-05,Morning,518,20,0,4
2025-04-05,Evening,696,18,10,3
2025-04-06,Morning,581,34,0,4
2025-04-06,Evening,696,35,120,5
2025-04-07,Morning,374,10,10,3
2025-04-07,Evening,350,11,0,4
2025-04-08,Morning,439,23,25,5
2025-04-08,Evening,382,9,10,4
2025-04-09,Morning,488,6,25,3
2025-04-09,Evening,406,18,0,4
2025-04-10,Morning,417,24,10,5
2025-04-10,Evening,362,8,60,5
2025-04-11,Morning,449,5,0,3
2025-04-11,Evening,433,20,10,3
2025-04-12,Morning,554,11,10,5
2025-04-12,Evening,664,10,0,3
2025-04-13,Morning,596,18,0,5
2025-04-13,Evening,639,28,0,5
2025-04-14,Morning,411,23,0,3
2025-04-14,Evening,444,20,10,5
2025-04-15,Morning,499,8,0,4
2025-04-15,Evening,418,5,60,3
2025-04-16,Morning,486,26,0,5
2025-04-16,Evening,437,10,10,4
2025-04-17,Morning,357,10,10,5
2025-04-17,Evening,440,7,0,3
2025-04-18,Morning,464,14,25,5
2025-04-18,Evening,360,20,0,4
2025-04-19,Morning,567,10,0,3
2025-04-19,Evening,577,9,0,5
2025-04-20,Morning,690,19,25,3
2025-04-20,Evening,556,20,120,3
2025-04-21,Morning,453,19,25,4
2025-04-21,Evening,440,23,10,5
2025-04-22,Morning,419,23,0,3
2025-04-22,Evening,430,7,25,3
2025-04-23,Morning,466,10,0,3
2025-04-23,Evening,432,16,10,4
2025-04-24,Morning,417,5,10,3
2025-04-24,Evening,419,17,10,5
2025-04-25,Morning,465,4,0,5
2025-04-25,Evening,414,9,25,3
2025-04-26,Morning,584,24,25,4
2025-04-26,Evening,532,28,10,4
2025-04-27,Morning,617,21,0,5
2025-04-27,Evening,554,31,0,4
2025-04-28,Morning,467,21,0,3
2025-04-28,Evening,420,14,25,4
2025-04-29,Morning,472,10,0,4
2025-04-29,Evening,426,6,10,4
2025-04-30,Morning,455,20,10,5
2025-04-30,Evening,373,6,25,5
2025-05-01,Morning,454,14,0,3
2025-05-01,Evening,387,7,10,5
2025-05-02,Morning,466,13,0,4
2025-05-02,Evening,367,17,0,5
2025-05-03,Morning,512,6,10,4
2025-05-03,Evening,530,10,0,3
2025-05-04,Morning,601,34,60,3
2025-05-04,Evening,617,35,10,5
2025-05-05,Morning,351,18,0,3
2025-05-05,Evening,363,9,0,3
2025-05-06,Morning,430,16,0,5
2025-05-06,Evening,475,20,25,3
2025-05-07,Morning,433,9,25,4
2025-05-07,Evening,390,9,0,5
2025-05-08,Morning,498,23,10,3
2025-05-08,Evening,499,17,10,3
2025-05-09,Morning,457,11,25,5
2025-05-09,Evening,471,18,25,4
2025-05-10,Morning,651,19,0,4
2025-05-10,Evening,648,27,0,5
2025-05-11,Morning,581,6,10,5
2025-05-11,Evening,625,12,25,5
2025-05-12,Morning,492,23,0,3
2025-05-12,Evening,461,23,25,3
2025-05-13,Morning,412,5,25,3
2025-05-13,Evening,405,13,60,3
2025-05-14,Morning,494,25,25,4
2025-05-14,Evening,494,12,0,3
2025-05-15,Morning,424,9,0,5
2025-05-15,Evening,414,13,10,4
2025-05-16,Morning,397,19,10,3
2025-05-16,Evening,492,24,0,4
2025-05-17,Morning,679,11,10,3
2025-05-17,Evening,603,24,0,3
2025-05-18,Morning,628,26,10,4
2025-05-18,Evening,665,24,10,3
2025-05-19,Morning,497,16,25,4
2025-05-19,Evening,470,19,10,3
2025-05-20,Morning,466,18,0,3
2025-05-20,Evening,452,6,60,5
2025-05-21,Morning,486,9,60,3
2025-05-21,Evening,394,19,0,5
2025-05-22,Morning,391,15,0,5
2025-05-22,Evening,383,15,10,4
2025-05-23,Morning,490,12,120,5
2025-05-23,Evening,474,16,25,4
2025-05-24,Morning,578,10,0,4
2025-05-24,Evening,502,17,0,5
2025-05-25,Morning,595,25,10,4
2025-05-25,Evening,535,22,25,3
2025-05-26,Morning,431,23,0,5
2025-05-26,Evening,402,17,25,5
2025-05-27,Morning,460,22,0,3
2025-05-27,Evening,382,17,0,3
2025-05-28,Morning,474,11,0,3
2025-05-28,Evening,384,6,10,3
2025-05-29,Morning,443,10,25,5
2025-05-29,Evening,387,9,10,4
2025-05-30,Morning,394,10,10,4
2025-05-30,Evening,399,19,0,5
2025-05-31,Morning,504,6,0,4
2025-05-31,Evening,608,30,0,3
2025-06-01,Morning,760,16,0,3
2025-06-01,Evening,670,19,0,3
2025-06-02,Morning,579,23,60,3
2025-06-02,Evening,526,9,10,3
2025-06-03,Morning,540,30,0,3
2025-06-03,Evening,499,14,0,4
2025-06-04,Morning,553,24,0,3
2025-06-04,Evening,522,10,0,5
2025-06-05,Morning,568,23,25,3
2025-06-05,Evening,574,16,10,5
2025-06-06,Morning,555,9,0,3
2025-06-06,Evening,464,27,0,4
2025-06-07,Morning,787,41,25,4
2025-06-07,Evening,670,13,10,4
2025-06-08,Morning,711,40,25,3
2025-06-08,Evening,821,22,0,4
2025-06-09,Morning,635,17,10,3
2025-06-09,Evening,577,23,0,4
2025-06-10,Morning,479,22,60,3
2025-06-10,Evening,574,32,25,5
2025-06-11,Morning,544,14,0,4
2025-06-11,Evening,497,12,25,5
2025-06-12,Morning,516,12,0,3
2025-06-12,Evening,620,19,0,5
2025-06-13,Morning,560,15,0,3
2025-06-13,Evening,562,31,10,4
2025-06-14,Morning,898,27,0,3
2025-06-14,Evening,700,27,0,5
2025-06-15,Morning,733,25,0,5
2025-06-15,Evening,664,13,0,4
2025-06-16,Morning,531,30,0,5
2025-06-16,Evening,582,26,0,3
2025-06-17,Morning,611,27,0,3
2025-06-17,Evening,487,13,25,3
2025-06-18,Morning,569,8,0,5
2025-06-18,Evening,477,20,0,3
2025-06-19,Morning,643,19,0,3
2025-06-19,Evening,583,20,25,4
2025-06-20,Morning,590,23,25,5
2025-06-20,Evening,626,34,10,5
2025-06-21,Morning,895,24,25,5
2025-06-21,Evening,910,29,10,5
2025-06-22,Morning,655,22,25,3
2025-06-22,Evening,718,22,0,4
2025-06-23,Morning,465,10,0,3
2025-06-23,Evening,468,20,0,4
2025-06-24,Morning,462,18,0,5
2025-06-24,Evening,462,18,0,3
2025-06-25,Morning,587,19,0,5
2025-06-25,Evening,631,18,25,3
2025-06-26,Morning,622,30,0,4
2025-06-26,Evening,620,12,0,5
2025-06-27,Morning,504,20,0,5
2025-06-27,Evening,618,14,60,3
2025-06-28,Morning,806,44,0,3
2025-06-28,Evening,906,18,25,3
2025-06-29,Morning,759,14,10,4
2025-06-29,Evening,815,11,0,5
2025-06-30,Morning,624,28,0,4
2025-06-30,Evening,505,5,0,4
2025-07-01,Morning,488,26,0,5
2025-07-01,Evening,466,17,0,5
2025-07-02,Morning,604,27,0,4
2025-07-02,Evening,611,20,10,3
2025-07-03,Morning,495,16,25,3
2025-07-03,Evening,456,24,0,5
2025-07-04,Morning,604,24,0,3
2025-07-04,Evening,559,9,0,4
2025-07-05,Morning,699,39,10,4
2025-07-05,Evening,776,16,0,4
2025-07-06,Morning,650,17,10,4
2025-07-06,Evening,799,35,25,4
2025-07-07,Morning,560,32,60,5
2025-07-07,Evening,477,26,25,3
2025-07-08,Morning,540,11,10,3
2025-07-08,Evening,548,31,10,3
2025-07-09,Morning,605,34,0,4
2025-07-09,Evening,491,6,120,4
2025-07-10,Morning,527,12,25,3
2025-07-10,Evening,547,30,0,4
2025-07-11,Morning,561,9,10,3
2025-07-11,Evening,613,12,10,5
2025-07-12,Morning,704,10,0,5
2025-07-12,Evening,773,42,25,4
2025-07-13,Morning,679,23,0,4
2025-07-13,Evening,876,10,10,4
2025-07-14,Morning,627,37,10,4
2025-07-14,Evening,557,30,25,5
2025-07-15,Morning,465,20,0,4
2025-07-15,Evening,634,35,10,3
2025-07-16,Morning,458,25,25,4
2025-07-16,Evening,650,33,0,5
2025-07-17,Morning,492,15,10,3
2025-07-17,Evening,642,15,0,3
2025-07-18,Morning,482,26,25,3
2025-07-18,Evening,478,14,0,4
2025-07-19,Morning,698,21,0,5
2025-07-19,Evening,902,48,10,5
2025-07-20,Morning,816,48,10,4
2025-07-20,Evening,817,48,10,4
2025-07-21,Morning,644,13,120,4
2025-07-21,Evening,591,16,60,3
2025-07-22,Morning,549,20,10,5
2025-07-22,Evening,538,25,0,5
2025-07-23,Morning,627,32,0,4
2025-07-23,Evening,516,5,0,4
2025-07-24,Morning,500,22,10,3
2025-07-24,Evening,591,34,0,4
2025-07-25,Morning,496,21,0,5
2025-07-25,Evening,560,26,25,5
2025-07-26,Morning,715,12,10,5
2025-07-26,Evening,661,33,0,5
2025-07-27,Morning,743,9,0,5
2025-07-27,Evening,812,18,0,4
2025-07-28,Morning,607,30,0,4
2025-07-28,Evening,568,24,10,5
2025-07-29,Morning,643,29,60,5
2025-07-29,Evening,578,13,0,4
2025-07-30,Morning,477,5,120,3
2025-07-30,Evening,492,16,0,3
2025-07-31,Morning,478,12,25,3
2025-07-31,Evening,564,22,0,4
2025-08-01,Morning,488,26,10,5
2025-08-01,Evening,355,4,0,4
2025-08-02,Morning,691,34,0,3
2025-08-02,Evening,677,11,0,5
2025-08-03,Morning,530,19,0,5
2025-08-03,Evening,621,6,25,4
2025-08-04,Morning,391,18,0,3
2025-08-04,Evening,488,17,60,5
2025-08-05,Morning,458,13,0,4
2025-08-05,Evening,494,28,0,5
2025-08-06,Morning,476,20,0,4
2025-08-06,Evening,453,25,25,4
2025-08-07,Morning,467,15,0,5
2025-08-07,Evening,467,24,0,5
2025-08-08,Morning,403,19,0,3
2025-08-08,Evening,456,14,0,4
2025-08-09,Morning,694,14,0,5
2025-08-09,Evening,658,13,10,5
2025-08-10,Morning,559,10,60,5
2025-08-10,Evening,553,14,0,5
2025-08-11,Morning,469,15,60,4
2025-08-11,Evening,489,6,10,4
2025-08-12,Morning,391,6,25,4
2025-08-12,Evening,447,6,120,3
2025-08-13,Morning,399,13,60,4
2025-08-13,Evening,354,14,0,4
2025-08-14,Morning,417,19,0,3
2025-08-14,Evening,441,15,25,5
2025-08-15,Morning,445,17,0,3
2025-08-15,Evening,436,11,25,4
2025-08-16,Morning,570,22,0,5
2025-08-16,Evening,676,22,0,3
2025-08-17,Morning,628,14,0,3
2025-08-17,Evening,638,32,0,4
2025-08-18,Morning,355,20,0,5
2025-08-18,Evening,404,17,10,3
2025-08-19,Morning,437,17,0,3
2025-08-19,Evening,380,5,60,4
2025-08-20,Morning,484,9,0,4
2025-08-20,Evening,448,17,0,4
2025-08-21,Morning,395,21,0,3
2025-08-21,Evening,480,11,0,4
2025-08-22,Morning,362,11,25,3
2025-08-22,Evening,368,7,60,3
2025-08-23,Morning,603,30,0,3
2025-08-23,Evening,630,9,25,5
2025-08-24,Morning,548,12,10,5
2025-08-24,Evening,611,34,10,3
2025-08-25,Morning,387,11,10,4
2025-08-25,Evening,407,19,0,5
2025-08-26,Morning,467,12,10,4
2025-08-26,Evening,368,8,60,3
2025-08-27,Morning,352,11,0,4
2025-08-27,Evening,470,14,0,4
2025-08-28,Morning,500,28,25,5
2025-08-28,Evening,418,13,0,4
2025-08-29,Morning,465,16,0,4
2025-08-29,Evening,452,16,10,5
2025-08-30,Morning,589,24,0,4
2025-08-30,Evening,685,31,60,3
2025-08-31,Morning,621,23,0,3
2025-08-31,Evening,696,35,10,3
2025-09-01,Morning,487,22,10,4
2025-09-01,Evening,404,16,0,3
2025-09-02,Morning,402,17,0,4
2025-09-02,Evening,398,17,10,3
2025-09-03,Morning,410,5,0,3
2025-09-03,Evening,393,18,0,5
2025-09-04,Morning,447,15,0,5
2025-09-04,Evening,410,5,0,4
2025-09-05,Morning,489,27,0,3
2025-09-05,Evening,363,12,0,4
2025-09-06,Morning,592,6,0,3
2025-09-06,Evening,657,27,0,5
2025-09-07,Morning,641,7,25,4
2025-09-07,Evening,556,32,0,5
2025-09-08,Morning,358,15,0,3
2025-09-08,Evening,431,23,0,4
2025-09-09,Morning,446,6,25,4
2025-09-09,Evening,460,20,25,4
2025-09-10,Morning,398,5,25,3
2025-09-10,Evening,486,20,0,5
2025-09-11,Morning,430,12,0,5
2025-09-11,Evening,499,8,60,5
2025-09-12,Morning,361,21,10,4
2025-09-12,Evening,423,8,25,5
2025-09-13,Morning,533,8,10,5
2025-09-13,Evening,686,27,60,4
2025-09-14,Morning,688,24,10,5
2025-09-14,Evening,583,23,0,4
2025-09-15,Morning,369,15,0,4
2025-09-15,Evening,356,17,10,4
2025-09-16,Morning,414,12,0,3
2025-09-16,Evening,491,6,60,4
2025-09-17,Morning,446,18,0,3
2025-09-17,Evening,361,9,0,4
2025-09-18,Morning,465,12,60,4
2025-09-18,Evening,391,15,25,3
2025-09-19,Morning,390,20,0,5
2025-09-19,Evening,456,7,25,4
2025-09-20,Morning,689,15,25,3
2025-09-20,Evening,631,9,10,5
2025-09-21,Morning,601,31,0,4
2025-09-21,Evening,558,26,10,4
2025-09-22,Morning,378,18,10,5
2025-09-22,Evening,354,4,0,5
2025-09-23,Morning,364,9,0,3
2025-09-23,Evening,397,10,0,4
2025-09-24,Morning,397,8,0,5
2025-09-24,Evening,496,12,0,3
2025-09-25,Morning,485,27,10,3
2025-09-25,Evening,410,4,0,5
2025-09-26,Morning,452,19,0,4
2025-09-26,Evening,488,25,0,5
2025-09-27,Morning,606,19,0,5
2025-09-27,Evening,546,7,0,3
2025-09-28,Morning,687,20,0,3
2025-09-28,Evening,673,22,0,4
2025-09-29,Morning,459,23,0,4
2025-09-29,Evening,382,12,0,3
2025-09-30,Morning,369,20,0,4
2025-09-30,Evening,394,9,10,5
2025-10-01,Morning,412,18,10,3
2025-10-01,Evening,391,4,0,3
2025-10-02,Morning,430,22,0,4
2025-10-02,Evening,483,12,0,4
2025-10-03,Morning,438,11,60,5
2025-10-03,Evening,445,6,0,3
2025-10-04,Morning,508,8,25,5
2025-10-04,Evening,651,22,0,3
2025-10-05,Morning,635,13,120,5
2025-10-05,Evening,614,21,0,5
2025-10-06,Morning,381,5,10,3
2025-10-06,Evening,424,4,10,4
2025-10-07,Morning,435,5,10,5
2025-10-07,Evening,421,16,0,5
2025-10-08,Morning,487,28,0,3
2025-10-08,Evening,488,18,0,3
2025-10-09,Morning,398,21,10,3
2025-10-09,Evening,472,17,25,4
2025-10-10,Morning,360,18,25,4
2025-10-10,Evening,437,8,0,3
2025-10-11,Morning,590,24,0,5
2025-10-11,Evening,580,15,10,3
2025-10-12,Morning,622,24,0,3
2025-10-12,Evening,670,34,25,5
2025-10-13,Morning,393,17,0,4
2025-10-13,Evening,351,8,0,5
2025-10-14,Morning,424,8,120,4
2025-10-14,Evening,357,12,60,3
2025-10-15,Morning,428,9,0,4
2025-10-15,Evening,383,18,10,3
2025-10-16,Morning,482,11,10,5
2025-10-16,Evening,431,25,10,5
2025-10-17,Morning,415,16,0,3
2025-10-17,Evening,421,11,60,4
2025-10-18,Morning,513,17,0,5
2025-10-18,Evening,610,11,0,5
2025-10-19,Morning,634,21,60,4
2025-10-19,Evening,642,30,0,4
2025-10-20,Morning,372,15,10,4
2025-10-20,Evening,476,4,0,3
2025-10-21,Morning,489,5,25,3
2025-10-21,Evening,439,6,0,4
2025-10-22,Morning,359,14,0,5
2025-10-22,Evening,433,25,0,4
2025-10-23,Morning,397,18,0,3
2025-10-23,Evening,451,18,60,5
2025-10-24,Morning,368,21,0,3
2025-10-24,Evening,474,15,0,3
2025-10-25,Morning,534,14,120,3
2025-10-25,Evening,646,13,0,4
2025-10-26,Morning,563,20,0,4
2025-10-26,Evening,675,15,0,5
2025-10-27,Morning,447,21,0,3
2025-10-27,Evening,363,8,10,5
2025-10-28,Morning,452,16,10,4
2025-10-28,Evening,414,12,0,4
2025-10-29,Morning,361,8,0,3
2025-10-29,Evening,396,21,10,4
2025-10-30,Morning,479,21,0,3
2025-10-30,Evening,401,8,10,3
2025-10-31,Morning,465,16,10,3
2025-10-31,Evening,371,4,0,3
2025-11-01,Morning,693,39,25,5
2025-11-01,Evening,584,22,10,4
2025-11-02,Morning,527,18,0,4
2025-11-02,Evening,531,14,10,3
2025-11-03,Morning,456,22,10,4
2025-11-03,Evening,388,5,60,5
2025-11-04,Morning,485,28,0,3
2025-11-04,Evening,433,25,25,5
2025-11-05,Morning,376,14,25,5
2025-11-05,Evening,359,12,10,3
2025-11-06,Morning,377,21,10,5
2025-11-06,Evening,431,13,0,5
2025-11-07,Morning,421,24,0,3
2025-11-07,Evening,404,10,10,3
2025-11-08,Morning,604,25,0,4
2025-11-08,Evening,659,29,25,5
2025-11-09,Morning,697,28,0,4
2025-11-09,Evening,614,30,10,4
2025-11-10,Morning,478,15,10,4
2025-11-10,Evening,493,18,0,3
2025-11-11,Morning,411,13,0,5
2025-11-11,Evening,390,20,0,5
2025-11-12,Morning,488,19,0,4
2025-11-12,Evening,388,9,10,3
2025-11-13,Morning,380,8,10,5
2025-11-13,Evening,383,16,25,4
2025-11-14,Morning,407,6,0,3
2025-11-14,Evening,401,16,10,4
2025-11-15,Morning,524,5,0,3
2025-11-15,Evening,605,34,10,3
2025-11-16,Morning,686,23,25,4
2025-11-16,Evening,674,27,60,5
2025-11-17,Morning,356,4,0,3
2025-11-17,Evening,465,21,0,3
2025-11-18,Morning,488,14,0,5
2025-11-18,Evening,475,8,0,3
2025-11-19,Morning,445,22,0,4
2025-11-19,Evening,484,19,10,5
2025-11-20,Morning,500,22,60,3
2025-11-20,Evening,383,11,0,4
2025-11-21,Morning,403,20,0,4
2025-11-21,Evening,426,11,0,3
2025-11-22,Morning,667,25,0,5
2025-11-22,Evening,561,22,25,3
2025-11-23,Morning,513,15,120,3
2025-11-23,Evening,642,29,25,3
2025-11-24,Morning,430,15,10,3
2025-11-24,Evening,432,18,0,4
2025-11-25,Morning,399,6,10,3
2025-11-25,Evening,431,9,120,5
2025-11-26,Morning,471,18,60,3
2025-11-26,Evening,497,18,0,4
2025-11-27,Morning,451,13,0,4
2025-11-27,Evening,384,21,0,4
2025-11-28,Morning,478,7,60,4
2025-11-28,Evening,454,12,25,3
2025-11-29,Morning,661,24,0,5
2025-11-29,Evening,592,17,0,3
2025-11-30,Morning,676,32,0,3
2025-11-30,Evening,609,26,0,3
2025-12-01,Morning,639,36,0,5
2025-12-01,Evening,551,29,0,3
2025-12-02,Morning,572,27,10,3
2025-12-02,Evening,534,20,0,5
2025-12-03,Morning,494,25,0,4
2025-12-03,Evening,578,22,0,3
2025-12-04,Morning,609,27,0,3
2025-12-04,Evening,602,30,0,4
2025-12-05,Morning,670,6,0,4
2025-12-05,Evening,672,10,10,3
2025-12-06,Morning,764,35,10,5
2025-12-06,Evening,964,36,0,3
2025-12-07,Morning,856,40,0,4
2025-12-07,Evening,802,17,0,3
2025-12-08,Morning,489,9,0,4
2025-12-08,Evening,676,12,10,4
2025-12-09,Morning,499,9,0,4
2025-12-09,Evening,610,24,0,3
2025-12-10,Morning,616,25,0,3
2025-12-10,Evening,693,13,60,4
2025-12-11,Morning,611,30,0,4
2025-12-11,Evening,618,25,10,3
2025-12-12,Morning,617,11,0,5
2025-12-12,Evening,662,10,0,4
2025-12-13,Morning,789,14,0,3
2025-12-13,Evening,875,34,25,3
2025-12-14,Morning,779,18,0,3
2025-12-14,Evening,977,21,0,4
2025-12-15,Morning,600,11,25,3
2025-12-15,Evening,639,23,0,4
2025-12-16,Morning,648,19,10,3
2025-12-16,Evening,567,31,0,5
2025-12-17,Morning,672,9,25,5
2025-12-17,Evening,508,16,0,3
2025-12-18,Morning,638,8,60,3
2025-12-18,Evening,632,37,0,3
2025-12-19,Morning,564,15,0,4
2025-12-19,Evening,533,14,0,5
2025-12-20,Morning,845,11,10,5
2025-12-20,Evening,849,21,10,3
2025-12-21,Morning,956,14,10,3
2025-12-21,Evening,851,47,0,4
2025-12-22,Morning,557,19,0,4
2025-12-22,Evening,691,19,25,3
2025-12-23,Morning,684,37,0,4
2025-12-23,Evening,697,13,25,4
2025-12-24,Morning,546,30,10,3
2025-12-24,Evening,540,10,25,4
2025-12-25,Morning,596,8,25,4
2025-12-25,Evening,617,34,0,4
2025-12-26,Morning,677,29,25,5
2025-12-26,Evening,684,14,25,3
2025-12-27,Morning,977,16,0,5
2025-12-27,Evening,942,30,60,3
2025-12-28,Morning,785,42,0,4
2025-12-28,Evening,702,9,25,5
2025-12-29,Morning,607,26,10,5
2025-12-29,Evening,564,31,10,4
2025-12-30,Morning,652,16,0,3
2025-12-30,Evening,561,31,0,5
